,Apogee pyranometer (mV),Cap 1 pyranometer (mV),Cap 2 pyranometer (mV),Cap 3 pyranometer (mV),Cap 4 pyranometer (mV),Cap 5 pyranometer (mV),Cap 6 pyranometer (mV),Cap 7 pyranometer (mV),Cap 8 pyranometer (mV)
count,168.0,168.0,168.0,168.0,168.0,168.0,168.0,168.0,168.0
mean,1500.3253236060855,1492.9576933531985,1481.6840289239221,1491.9509375014368,1432.9424454390398,1398.4300213120941,1441.4832677743302,1507.7205145193695,1386.7031228252145
std,26.2052793265334,28.388296776188024,37.09397588647148,40.86087730878827,37.52027744434361,44.259617644495755,37.08627455149252,40.39414952181101,37.34344998690086
min,1434.2681992337164,1420.7701149425286,1398.6,1396.6,1343.6246056782336,1297.4063492063492,1355.15,1413.0,1298.4733333333334
25%,1488.3025,1480.0600000000002,1456.4358333333332,1466.142857142857,1410.8175,1368.9,1410.9691666666665,1481.6925,1363.7507987220447
50%,1507.7,1501.5394919168593,1497.0464724919093,1510.45,1448.8904140127388,1416.15,1459.4666666666667,1524.29,1404.000705128205
75%,1521.708333333333,1515.1183333333333,1511.4545454545455,1525.2083333333335,1464.0125,1435.7875000000001,1471.0270700636943,1540.87,1416.8166666666666
max,1528.0,1524.0,1520.0,1534.0,1472.0,1443.0,1480.0,1550.0,1425.0
