,Apogee pyranometer (mV),Cap 1 pyranometer (mV),Cap 2 pyranometer (mV),Cap 3 pyranometer (mV),Cap 4 pyranometer (mV),Cap 5 pyranometer (mV),Cap 6 pyranometer (mV),Cap 7 pyranometer (mV),Cap 8 pyranometer (mV)
count,91.0,91.0,91.0,91.0,91.0,91.0,91.0,91.0,91.0
mean,1327.0989036849376,1300.709497183006,1315.259946712199,1314.9604080796732,1266.1625861005846,1287.39860705693,1309.383555165373,1392.0911623136758,1259.646013758687
std,64.23701892956642,70.75631628021439,63.11164269862027,64.11219203865663,64.79657942464685,58.65886466152517,65.05738746928031,67.77122883048848,63.20022844316471
min,1215.286956521739,1178.3108695652174,1204.8,1203.0,1153.84,1183.8266666666666,1195.9166666666667,1274.01,1149.6266666666668
25%,1273.355,1240.9433333333334,1261.5,1260.655,1211.445,1238.1666666666667,1254.9250000000002,1334.745,1206.2333333333333
50%,1328.0,1302.0,1316.6866666666667,1316.2,1267.6866666666667,1289.2666666666667,1310.7333333333333,1393.5466666666666,1261.04
75%,1386.55,1366.72,1374.45,1374.4,1326.2933333333335,1341.1399999999999,1370.25,1454.7333333333331,1319.0133333333333
max,1420.196666666667,1403.6733333333334,1405.686666666667,1406.43,1359.28,1371.72,1401.64,1488.72,1350.0
